id,name,display_name
324386852,DunkinMud,Mud
395017056,toreject,V2plays
1251557967,cuteitopool,Austybeary
511854417,ScooterSmasher0,ScooterSmash0
7733466,InceptionTime,Rhyan
2837221227,BlaireVanderwalt,tanpom
124905007,AliineGamesYT,AlineGames
1154271014,SoyLurix,Uriel
2384779608,lownione,lownione
158507521,Tangochini,Tangochini
537343324,JelloQueenYT,torta
1641266151,xMamys,MamyBlox
586574327,sunshrxxm,luvsunny
271347922,SUB_toTRAP,StarCode_TRAP
65387616,ZeDarkAlien,ZeDark
893610805,b3e_leyy,lay
900534966,Stanjeeplayz,STARCODE_STANJEE
742479483,Alondraliz2412,Alo
59488213,Auratix,Auratix
1492820190,Lami_Roblox,Lami_Roblox
1309729479,D3XT3R_PLAYZ,StarCode_Dexter
3451565385,StarCodeKTX,KTX
1930017683,MADARATRTRTR,MADARATRTRTR
2245695580,LaMamaBee,LaMamaBee
111573009,MrBeeWasTaken,MrBee
2670284232,imgabibee,Gabi
1741412144,ThePapaBee,PapaBee
1764237649,AndreiEon124,Diego
1311710683,STARC0DE_RedNinja,STARC0DE_RedNinja
105530355,VeyarYT,Veyar
128080998,Rajo_END,Rajo_END
1010559587,NotAmberRoblox,Amber
1374542890,berryiie,berry
2023151261,Its_starlightplaysYT,STAR
15010699,R_obotz,Robotz
1430101217,PPaanDuh,PaanDuh
2421277499,xSunnyxMistyx,SunnyxMisty
87229917,KlTSUBEE,ASTARCODE_KIT
1480879553,LuzCute24,Luz
308245124,elOrioNYT,elOrioN
3242953293,EsElWilco,EsElWilco
159772953,CaueBM,BaixaMemoria
1408051431,Lilly_TVs,Lilly_TVs
2695915017,TheRealFoltyn,Foltyn
271980258,JehxTp,JehxTp
959537158,LinMeiLee,StarCode_LIN
1698287458,bidinh0,BidinhoGamer
461653567,Sly_Kage,Sanji
2590193767,EnyuZee,Enyoo
1676588530,ariellesyt,arielle
950420207,IchBinBrox,IchBinBrox
851564912,VitamineRoblox,VitamineRoblox
55954468,Christocream,Christocream
1055519505,hoopsthebee,hoopsthebee
2259433224,StarCode_fer,Valeria13
1435680753,iheyhana,yes
3119663175,TheRealAwhxliv,UseStarCodeLIV
1930433692,LuceroRobloxYT,Lucero
1296240035,MetalizerRBX,MetalizerSunshine
795335236,BALETKA07,SubToBaletBW
1718985510,zazebloxx,zazeblox
243881570,RaxBLX,Rax
376201979,Sircheko_yt,sircheko
2285886540,luvxsh1ne3,hisarrow
94202129,aaronjwp,aaron
103229087,xiaoleung,xiaoleung
511572273,Prod3r,Proder
97236249,cahcildis,cahcildis
58347481,PandinhaGame,PandinhaGame
2302434854,fluttershy2015m,fluttershy
1720902157,Sanaaa8ans,Thekaka78
1964129803,ItzSweaking,ItzSweaking
91579141,mprazor,mprazor
1247585283,Abbaok_YT,Abbaok_YT
133784591,Zurix_500,talvezseazuriel
462489784,Woozlo,Woozlo
434578490,AidanGamerHDXD,AIdanGamerACHEDE
1974959085,0hRui,0hRui
1235203005,YT_Argo,Argo
1121868056,bianqui_nayi123,bianca
44454314,Qaluuo,Qaluo
53776651,Alopek,Alopek
65217781,CryptedPoppy,RebootedPoppy
1216185342,KidsToysPlayChannel,KidsToysPlayChannel
544597866,CuteCookieGaming05,CuteCookieGaming05
2052099554,itzzmelisa_official,melheartyou
500161865,OMBgamingYT,OMBgamingYT
68279383,JavaCoded,JavaCoded
215001278,vrcia,Divine
127895560,E1ementalYT,Elemental
828373475,ethanolodj,ethanolodj
2676394746,Nathy_SuperGamer,NathySuperGamer
22731413,iDatchy,iDatchy
579767515,CurtifiedYT,CURT_StarCode
1344750283,LovelyEla98,LovelyEla98
1329149926,MakotoYoutube,MakotoYoutube
402593599,MoroSamy,LesheroMorrazoYT
1213829949,snowi_fox,snowi_fox
14069409,dragonplatinum,dragonplatinum
577713586,JustHarrisonYT,JustHarrisonYT
141484037,KaykBlox,Flyborg
2372106589,BaconHairGGOP,BaconHairGGOP
153846711,hashir109,RedWeb
342312925,oofficialnoobie,Officialnoobie
476389675,ViewYT,UseStarCodeView
1458395894,fminusmic,fminusmic
2614768590,GonGonOficial,GonGonOficial
5118868,VarietyJay_Real,VarietyJay
163493231,Lorrd_ofc,1Lord
2333758830,StarCode_kitt,KittGaming
684425139,Daffa_super2,Daffa
474892901,truffios,truffios
24410840,Majojocl,Majojocl
46396425,yammyxox,yammyxox
2562297533,Junewuuu,Junewuuu
45190570,WikiaColor_s,WikiaColors
1634922873,MagnumStormus,MagnumStormus
2033918554,CaptainCapii,CaptainCapi
119926731,DollasticDreams,DollasticDreams
2371436003,Alonezinho_Ytb,Alonezinho_Ytb
2409018999,Dominus_CA,Dominus_CA
1504156095,stream_CA,UrFavoriteStarSTREAM
32466481,ONESIEHOARDER308,spek
52392831,SubToMiniBloxia,SubToMiniBloxia
527854305,GhostInTheCosmos,GhostInTheCosmos
32163212,co_rny,corny
1230109044,Dogbon62,STARCODE_Dogbon
859271520,Foncri,Foncri
1405830102,SoyMandy2020,SoyMandy2020
675810495,aHeyMisty,HeyMisty
375917697,DAVIPLAY_14,HeyDavi
161844999,RobinHoodGamer10,RobinHoodGamer10
374150452,betogamer_01,betogamer_01
1484094314,baby_ahrizona,CherryAhrizona
355371758,notBeaPlays,beaplays
126206150,Heorua,Heorua
471664661,AlanConejito_7u7,MrBunny
1162541,DevounTV,Devoun
85587854,Craxelss,Craxel
880936368,PandaBoss3_0,ZOMG
176469392,zOnwley,1zOnwley
487532097,CarbonMeister,CarbonMeister
308039379,xXenoTy,XenoTy
1151992549,Cee_berry,Cee_berry
2392809815,JieeVideos,noob
1212154812,RealYouTube_AlphaGG,RealYouTube_AlphaGG
2013548315,KingLuffy_YTsub2me,KingLuffy_YTsub2me
438878606,E1ite_E,UserEEE
1253690246,soposhadow,Plyz_shadow
1096995050,Dr_laba,laba
983600771,AatikahKashif,AATI
169576473,LcLcO1,LcLc
1554210951,UseStar_CodeCAP,why
6276409,LeArmenti,Armenti
35602547,moonfallx,moonfallx
1093462394,tharbakin,Papatama
25963523,lifetimeobcman123,KTG
27638218,GroovyDominoes52,GroovyDominoes52
2765756386,claudiacraudete,Craudete
2373243394,lauroala,Laura
855197209,marcossmm,Marcos
1326259003,brancoalado,Brancoala
1771380443,OMG4LAV,Lav
849114033,MahadiNr,HandsomeMaha
163488823,DigitizedPixels,DigitizedPixels
1951570423,EYYCHEEV,StronkCat
1731692918,MaybeItsMyFault,GamerNom
101762176,xxBolzxx,Bolz
184514067,SrFrancesYT,SrFrancesYT
552089381,cheopower,cheopower
1673177404,catypink15,Catypink
1898838427,strikerl80x,strikerl80x
583066356,Atlas0Zero,AtlasBlox
121329925,CelestialPiggy,FunPiggy
1526338758,PFlavio1,PFlavio1
1104523606,toftof2019,Emerald
279305044,sese64,Crystal
1415993567,FuturaYT,FuturaYT
507900475,Gsleigh,Sleigher
46020387,MagicbusYT,Magicbus
172648328,440HP,440HP
1000607573,cortesgo,cortesgo
1715261311,JuanchoAcostado,JuanchoAcostado
2347535278,LimaMosca,LimaMosca
1538006735,Joey_Albanese,joey
384639097,Mr_Booshot,Mr_Booshot
90593740,Xpie101gamer,Xpie
206620745,FoamyBubbIes,Foamy
1092009588,BluxxyGaming,BluxForger
1066684171,DanielGTReal,DanielGTReal
589775481,BamItsLimey,BamItsLimey
138067292,PeterToys,PeterToys
1057787722,PliqueYT,PliqueYT
427468473,MOBY3W,MOBY
933956429,YT_ItsMatty,Matty
118806189,MxghtyJxstin,mightyjxx
1177616618,EuriWings,Euri
413529362,andrhevn21,andrhevn21
250421492,MedTwYT,MedTwYT
172673825,Natsuki_Sel,Natsuki_Sel
85552114,KodakOF,KodakOF
142335175,AbsintoJYT,AbsintoJYT
1626437621,Estelacoutin,Estelacoutin
50518784,Myster0y,Myster0y
2267401861,JUAUMZONES,JUAUMZINHO
131585566,N00B_Mast3rXD,Noob
1635394658,flashiilindo,Flashii
181314968,S2millyS2,MillyZenOficial
250610269,Est3vA0,Est3vA0
2450307569,LumaBloxYTB,LumaBloxYTB
2459531042,RogerBloxYTB,RogerBloxYTB
1425770029,FanyBloxYTB,FanyBloxYTB
1425755063,LudBloxYTB,LudBloxYTB
1413263637,BibibloxYTB,BibibloxYTB
128517537,ApplyingTM,ApplyingTM
1203375699,HW5567,HW5567
1619517562,ItsToriTimeYT,Princess_Tori
276838174,Fera0ficial,Fera
86412800,Zilgon,Zilgon
168613277,iAirRon,iAirRon
1579302204,sofiatube7,SofiaTube
57521437,Angelazz,Angelazz
111852517,Unlimited_Resources,CheckProfile
117479169,ChillzSubZero,kiwi
230233325,lenay_ROBLOX,lenay_ROBLOX
2207608043,AaronDRonin,AEREN
2018393610,Rbellomello,Rbellomello
1720722424,Lzablxx,Lzablxx
105881969,Modeldog8197,Model
1878777713,IamComplexRoblox,STARCODE_COMPLEX
1036659904,Joao_joaooficial,falencia
103880779,callmehhaleyx,callmehhaley
1628507508,xouzin7,Xou
1326982062,saoli11,saoli11
294336654,Uncle_Kizaru,Uncle_Kizaru
139116106,BunniYT,Bunni
991819685,1LYSULLY,1LYSULLY
108676616,CallMeGodstatus,Godstatus
1336188509,VURIIN,VURIIN
86727026,realshadownetwork,shadow
1358562277,judounicorn11,JudoUnicorn
2308664573,iGunslaya,Gunslaya
479443437,DDomss,Dom
1203707769,ClausOFC,ClausBayoo
1503895355,JakeZPudding,JakeZPudding
810720378,iiLaurapaoYT,laura
123145005,xHandNx,HandN
2202329666,HeyRosalina,HeyRosalina
472860216,BitSquid,BitSquid
1931871874,cKevvv,cKev
44780781,OneSpottedFriend,OneSpottedFriend
855478410,Mrpresident1302,Mrpresident1302
7643777,Fanaticalight,Fanaticalight
882594390,JymbowSliceYT,StarCode_Jymbow
1771413798,PaulaUrbaez,PaulaUrbaez
1700385830,CleanseBeam,CleanseBeam
1401330745,MinniiHxpe,Minni
28222914,notive,notive
1157637359,Valen_Latina,Val
1455680953,bluecosmiic,lenny
968512394,SkippyPIaysYT,Skippy
1197199283,ChrisOurFire,Coffee
511163091,ourfire,SUGARSTAR
320834645,ErnieC3_YouTube,ErnieC3
1040692882,yt_SATSHAJUEGA,codeSATSHA
177171575,vanessamaffi,vanessamaffi
204556777,RufflesPlaysMC,UseStarCode_Ruffles
154041663,iiLuuy,Luuy
133838461,RandomYoutuber0202,Silent
308818491,hayiIaaa,astraea
56177290,StarCode_Ominous,OminousNebula
498200578,XericPlayz,SubToXeric
1375712725,AvocadoPlayzOfficial,AvocadoPlayz
1600698721,FiniJuega,FiniJuega
416142157,TrafTheOpest,TrafTheOpest
1867636458,MrPankeyk,MrPankeyk
144572481,yode1,yode1
351924059,Sonti_cg,Sonti
122673807,DatBrian,DatBrian
103389605,steven111234,steven111234
1687823390,YAYIXDCHANGU,YAYIXDCHANGU
408858632,JavaCreates,JavaCreates
1383270008,Tapparay,Tapparay
563823672,GamingwithVYT,GWV
567558633,JJ_Waike,Waike
129028892,Flebsy,Flebsy
1476574657,Prime_Furious,Prime_Furious
379520467,TotallyNotO1G,TotallyNotO1G
755194786,EmperadorMaxiOFICIAL,Emperadormaxiyt
1711686684,RainsterYT,RainsterYT
56555019,ChristsuYT,Chrisu
993338548,RiusPlayYTYTYT,RiusPlayYTYTYT
66372636,teenagerpaul,teenagerpaul
451148296,ItsRoyaleDiorYT,ItsRoyaleDiorYT
1263332601,Britt_Blox,Britt_Blox
976728704,tsetfed,tsetYT
433581581,xEnesR,Enes
40748598,th3c0nnman,th3c0nnman
2382254446,DigoPollos,DigoPollos
636207896,SantinoTossi03,SantinoTossi
324457743,TxcIes,Tx_cle
39193858,Cinderbelle,IBella
195732235,St4Tick,StaTick
33219560,peepguyx,peepguy
381353201,iBugouzinho,iBugou
1566785613,VikingPrincessJazmin,VikingPrincessJazmin
532539989,michineyley,michineyley
119623387,NotJamesRBLX,James
218118119,NotFusionZGamer,NotFusionZGamer
1645551250,YTFadedPlayz,FadedPlayz
160815719,iii_Amandinha,iii_Amandinha
1788126308,Hexapod_xD,Hexapod_xD
571739716,BREN0RJ7,BREN0RJ
1084413459,IAmPrincessRoyale,PrincessRoyale
1411825304,YoSoyLokiYT,YoSoyLokiYT
54253077,23Sebee,sebee
1308519438,YT_RoxiCake,Roxin
81028274,JakeGlobox,JakeGlobox
420610970,TheGreatAced,TheGreatACE
1716321234,MackenzieTurnerYT,MackenzieTurnerYT
137550731,uKingzaum,uKingzaum
213099582,marianavasco,MarianaNanaYT
1529355775,IM_Celestial,StarCode_Celestial
298510308,PGHLego1945,PGHLego1945
1950714902,DigitoPlaysThis,Digito
20930285,ImBenni,Benni
212580126,pedroletsplayroblox,pedroletsplayroblox
10275438,supersonshadow17,supersonshadow17
1818437240,SnickerHoops,SnickerHoops
508200711,ChrisPurKittiess,Betty
420814583,Keke_KerenYT,Keke_KerenYT
503003513,iiPietra_GamesYT,pietra
1018059505,SnowRBX_Youtube,UseStarcodeSnow
1712881534,Prxtonn,Prxtonn
901819690,CammyxBoba,cammy
1391703438,mikedrop937,mikedrop937
646654778,LukyBloxYT,LukyBloxYT
41083501,VanillaOreoCat,rubie
1272625300,FishyBloxYT,FishyBloxYT
339310190,mrflimflam,mrflimflam
401989564,SonsofFun_YT,Sonsss
1028537419,MegaSquadMo,MegaSquadMo
938606704,Signicial,Signicial
866875288,StarCode_TigreTVyt,TigreTV
90652102,Noclypso,Noclypso
426590117,iiGamerKawaiiYT,GamerKawaii
308197990,Jxssivca,FunnyBunny
1748369277,ComplexJason,PANDASANTA
513535945,ComplexConniee,zConnie
138733046,Smurfzineo_YT,smurf
860339821,SoyBluee,SoyBluee
530350094,Robstix,Robstix
1248914284,BONNlEBUILDS,BONNlEBUILDS
1220532825,Jesua_Cunnigham,CodeJESUA
1643869473,NotFakerUp,FakerUp
1514191698,LiaBlossoms,LiaBlossoms
494330325,SiimplyBubliie_YT,annie
13151032,jokerkid5898,smelly
157677121,Ant_Antixx,Ant_Antixx
136089809,BuBreezy,BuBreezy
1277583657,GHOKSZIN,GHOKS
68679605,THYEDGAR_YT,THYEDGAR
9954703,Temprist,Temprist
908886998,AcenixElMejorYoutube,AcenixElMejorYoutube
30968196,nicks543,NicksDagahYT
22867022,SlEGHART,SlEGHART
1220363575,12345roxyhi12345,Roxy
72386637,builderboy100009,builderboy100009
223184568,Ephicsea,Ephicsea
274988306,TheBugBlue,BugBlue
1145435138,beatrizkawato,beatrizkawato
992271990,iiLariGamer,LariGamer
92714340,Laughability,Laughability
44059064,Telanthric,TYTelanthric
796955999,MoFlare,MoFlare
21754981,SweePeeRBLX,SweePee
22862942,RELLvex,RELLbadman
176458313,MasterGraser,Graser
453300349,iFresblxx,iFres
541868731,trxmila,MilaFunPlayer
411966297,PlechitoYT,PlechitoYT
845026466,biggerdadt,AndrewTate
548423951,TurtlesWearRaincoats,TurtlesWearRaincoats
59608380,ReaISeer,Seer
370701377,HappyThreePro,HappyBlack
1674592529,LaniiPlayzzz,Lani
1412002597,GabyGamerrOficiall,GabyGamer
964088769,DVwastaken,DVwastaken
80936188,NanoProdigy,NanoProdigy
75553870,yt_graceek,hooriispro
80127837,LiegeNorth,LiegeNorth
214865113,JoJocraftHP,JoJocraftHP
320075408,xoFlxral,Flxral
125292226,HeySunsetSafari,SunsetSafari
681294132,mxddsie,STARCODEPINK
209832625,StarCode_Animal,StarCode_Animal
308132123,S_Viper,S_Viper
170638732,BianoBetero,BianoBetero
1573996996,PrezleyOfficial,Prezley
851083465,kaan_xy2,kaan_xy2
1432078896,da_dania,da_dania
106220454,CookieCutterYT,CookieCutterYT
210809698,MiaZaffyt,MiaGames
709518051,SoyCatFer,SoyCatFer
826789561,ItsNotSiena3,ItsSiena
844805955,CristiSukiYT,Cris
204625938,RealFancySmash,RealFancySmash
95301865,ScriptedMatt,ScriptedMatt
1336393549,ThumbsUpFamily,ThumbsUpFamily
138459631,premiumsalad,premiumsalad
385546813,yTowakGb,yTowak
1588579651,ItzVexo_STARCODE,StarCodeItzVexo
1832111071,jdotgov,jdotgov
24560880,Rektway,Rektway
61850257,MathFacter360,MathFacter360
1240275612,LouDaREALGamer,oGVexx
25298570,Foolzy,Foolzy
991958049,TussyGames,TussyGames
533724523,RED_YTBE,RED_YTBE
680618573,lmaGamerGirI,xGGx
141649312,NicoleMaffi,NicoleMaffi
99159164,BigBst4tz22,BigBst4tz22
1300467414,moodyunicorntwin,moodyunicorntwin
149699539,v0_1t,Volt
361253388,bubblestoxic,bubbles
453572246,Kelvingts,Kelvingts
24160299,iJackeryz,Jackeryz
210653151,Xegot,Xegot
411706819,CrazyErzy7u7,CrazyErzy
1359395882,Nicole_Kimmi,Mario
68599326,elitelupus,elitelupus
4242824,Thexz,Thexz
213352846,RamblingRamul,Starcode_RAM
100555632,Maislie,Maislie
565327402,Bighead_StarCode,BH_StarCode
121799646,RealSubZeroExtabyte,Sub
1107778599,superdog_tyler,superdog_tyler
349526906,Vickycasti_laPro,Vickycasti_laPro
52302772,Axiore,rip_axiore
971793393,ErikCarrKZ,ErikCarrKZ
179964980,DannyJesdenYT,DannyJesdenYT
18645165,NO_DATA,NO_DATA
960911078,LegolazYoutube,LegolazYoutube
487306616,caaroltv,CarolTV
490735154,BiiiaGamerYT,biazinha
659155888,Carihyper,Cari
198320456,SimasGamer,Simas
683334889,itsakeila,akeila
1214936771,LankyBoxGamesAdam,LankyBoxGamesAdam
480858487,heysant2018,SANT
97837301,ComfySunday,ComfySunday
298668030,TW_Dessi,TW_Dessi
516177375,faeglow,faeglow
17648285,UseStarCodee_JOEY,UseStarCodee_JOEY
67243992,jenstinex,jenstinex
67241739,jenstine,jenstine
102022435,BramPeeee,BramP
302000273,karimjuega,karimjuega
1172242218,DefinitelyNotBaxtrix,DefinitelyNotBaxtrix
1436154219,SelloutStreamerBtww,SelloutStreamerBtww
238243882,KrystinPlays,KrystinPlays
949551601,GianBloxStarYT,GianBlox
846331315,YT_SnugLife,YT_SnugLife
176885746,french_rxses,Frenchrxses
171092011,XLAWLIEETX,XLAWLIEETX
148378203,RenLeaf,RenLeaf
899238797,ItsZulyYT,ItsZulyYT
328744005,SharkBL0X,SharkBL0X
105756462,J_Buggo,JBUG
473760205,Chocoblox_93,Chocoblox_93
271961593,FernandaTreta,FernandaTreta
271919219,VictorNuclear,VictorNuclear
61648063,MuneebParwazMP,Muneeb
341380166,SugarCoffee123,ItsSugarCoffee
101385567,Jacobboogerdooger,3sbJackBeardx
157186058,ododahs,NooblyDNoobington
157185256,cakemiix,3sbKellie
312011267,Kapolar1,Kapolar
432025922,Jeancof,Jeancof
269083336,TroyanoNanoReturns,TroyanoNanoReturns
356753735,augusvidal,augusvidal
438017739,EmpireBloxOficial,EmpireBlox
414192758,Princesa_Alicinha,Princesa_Alicinha
994402516,Mimi_Rainha,Mimi_Rainha
316533958,Detona_Anderson,Detona_Anderson
413587576,MelzinhaMelGames,MelzinhaMelGames
33295715,iam2nix,iam2nix
782742742,PHMittensSTARCreator,TopG
166287472,JeeffBlox,JeeffBlox
124753685,HyperCookiie,HyperCookiie
390311109,tapwat4r,TAP
31371283,iKotori,iKotori
223900893,SoyKiron,SoyKiron
1221677237,GuiHenriikOficial,GuiHenriikOficial
101709432,NatashaPandaaYT,NatashaPandaaYT
499087387,ANIELICA01,AnielicA
19989544,jayingee,jng
285857239,SDMittens,Mittens
362135519,RafaBetero,RafaBetero
286909428,SimoneBetero,SimoneBetero
531482980,BebeMiloAmiwito,BebeMiloAmiwito
88542826,xMarcelo,xMarcelo
21484450,TheDimer,TheDimer
59401007,skoonks,Mini
238011093,ruby_rubeYT,Rubyyyy
66480156,Jamiethatgirl,Jamiethatgirl
1112210634,FunHouseDadWasTaken,FunHouseDadWasTaken
121854776,DaylinsFunhouse,DaylinsFunhouse
355409415,Raconidas,Raco
157939102,ManucraftYT,Manucraft
338431408,Noangy,Noangy
341657887,Betroner,Betroner
99141657,mayrushart,may
66733,cheeseandcakejuice,Juice
179158012,ThatGuyTG,ThatGuyTG
148508734,KepuTheCat,KepuTheCat
374118365,BielHenriikOficial,BielHenriikOficial
106359425,StronbolYT,StronbolYT
310577560,Phoeberry,Phoeberry
98087607,Ayzria,Ayzria
159606072,HelloItsVinh,StarCodes_VG
102864695,hannnahlovescows,hannnahlovescows
307229139,karola20YT,karola20YT
16625266,DandanPH,Dan
38805399,javie12,javie12
163768913,YTshaylo,YTshaylo
542392270,Da_PandaGirl,DaPandaGirl
84743203,TanqR,TanqR
91529715,BuurmanTenus,BuurmanTenus
524922364,RazorFishPengi,RazorFishPengi
565602180,UseCode_Rainway,Rainway
18090406,PeetahBread,PeetahBread
121799837,HeyCrafted,Crafted
62323907,UseCodeRAZORFISH,UseCodeRAZORFISH
106562916,UseCode_Funky,FunkySquadHD
64516,Bandites,Bandites
170613077,DuduBetero,DuduBetero
275278672,BIANOBETER0,BIANOBETER0
110570239,locus200k,locus
240365807,okgamerman,Shiloh
179457920,Lokazo86,Lokazo86
121823922,DenisDaily,DenisDaily
707412972,TheMeganPlays,MeganPlays
275424983,Amberrry,Amberry
165111397,GallantGaming,GallantGaming
270361582,jpplayst,jpplayst
153432694,Aquaerria,Aquaerria
317520373,RODNY_ROBLOX,RODNY
114219059,JonesGotGame,JonesGotGame
150301916,CrystalSims,CrystalSims
19481930,fudsim,fudsim
307904954,SGC_Shane,SGC_Shane
62231464,jvnqYT,jvnqYT
132997933,MatrixPlaysRB,ItsMatrix
195025270,KindlyKeyin,KindlyKeyin
899570153,Fritentacool3M,Fritentacool3M
395945360,StarSquadMolly,StarSquadMolly
137870778,CaptainTate21,CaptainTate21
182652970,Flexer97YT,Flexer97YT
475779524,Kate9071,Kate9071
155980670,KittyJanet,KittyJanet
157065912,Starcode_RealisticG,Starcode_RealisticG
375485094,lokis9340,lokis9340
859169144,ebruulein,ebruulein
333989309,Devovorya,Devovorya
293509899,furi0us_jumper,furi0us_jumper
489554826,Bensonheimer,Bensonheimer
272689507,KraoESP,KraoESP
53844769,EthanGamerTV,EthanGamerTV
451427637,ByDerank_YT,ByDerank
179143860,Cerso93,Cerso
100879042,Kavra,Kavra
22207531,Remainings,Remainings
252843786,Zerophyx,Zerophyx
264465850,GrumpyGravy,GRAVY
112161482,kawaii_kunicorn,Holly
115470995,MrSeniac,Seniac
164106497,prosiduzao,prosiduzao
699283250,JackieMineBlox11,JackieMineBlox11
466926061,anamineblox11,anamineblox11
464777410,vitoriamineblox11,vitoriamineblox11
153307870,realroses,realroses
196313893,MelLovesBunnys,MelLovesBunnys
261311657,IamRoBuilder,RoBuilder
466063,valadin1,valadin1
2707272,Bereghost,Bereghost
6237580,pixiedust423,pixiedust423
500453,snapple43,snapple43
148506537,PinkFateYT,PinkFateYT
270896527,notiamsanna,notiamsanna
47637419,godenot,godenot
210519264,GustTv,GustTv
222491860,SgGamersDad,SgGamersDad
173914672,SrtaLuly03,SrtaLuly
140478142,GOLD3NGLARE,Gold
140256391,Lunar3clispe,Lunar
136749026,chrisatm,chrisatm
273090581,NotLeah,NotLeah
170177014,Inemajohn,Inemajohn
146576379,RainbowsYT,Rainbow
140251899,ItsDraconiteDragon,Draco
83064422,ThunberGames,ThunberGames
3071427,cazum8,cazum8
157400125,jupapile,jupapile
88707935,Muffinzs,Muffinzs
104607645,TexWillerHS,TexWillerHS
99060139,JuliaMinegirl,JuliaMinegirl
99451656,Crisminegirl,Crisminegirl
441825,GPR3,Lonnie
155361651,inquisitormaster,alex
70771952,VeD_DeV,Ved
66895609,MyUsernamesThis,MyUsernamesThis
309015305,BumiReal,BumiReal
169678521,Suliin18YTT,Suliin18YTT
166392761,Lynitaa,Lynitaa
182199591,TinenQa1,TinenQa
141039383,Funnehcake,Funneh
101088381,NotThnxCya,NotThnxCya
126569530,ZacharyZaxor,ZacharyZaxor
17169228,codeeunicorn,AshleyTheUnicorn
219183651,DefildPlays,DefildPlays
75249861,xdarzethx,xdarzethx
125775822,Night_foxx,Night_foxx
2207291,Linkmon99,Linkmon99
172123886,byRovi23,byRovi23
81351746,iTownGamePlayYT,iTownGamePlayYT
145610626,MIANNNGAMER,MIANNNGAMER
121325204,MicroGuardian,MicroGuardian
130156165,L0GinHDi,L0GinHDi
119230569,audreyradio,audreyradio
87162006,ImNotThinknoodles,ImNotThinknoodles
6459069,Conor3D,Conor3D
168095944,DrizzMcNizz,DrizzMcNizz
53866290,FGTeeV,FGTeeV
46138509,ObliviousHD,ObliviousHD
284583184,PrestonPlayz,PrestonPlayz
634071139,viddrox,viddrox
407499961,Penguinanchor,Penguinanchor
401950003,Bodacious_Abzz,Bodacious_Abzz
14943069,Alvin_Blox,AlvinBlox
145399283,SeeDank,SeeDank
180057364,DJMonopoli,DJMonopoli
138235305,SabrinaBrite,SabrinaBrite
187576939,Cringley,Ant
332735750,OfficialDfield,OfficialDfield
289302406,DylanTheHyper,DylanTheHyper
113788742,YT_ZaiLetsPlay,ZaiLetsPlay
97681946,Fraser2TheMax,Fraser2TheMax
139728316,ibemaine,Starrk
146335948,TwistedPandora,TwiistedPandora
178236960,DeeterPlays,DeeterPlays
38023771,Evanbear1,Evanbear1
164279327,RussoTalks,Russo
3991272,Pokediger1,Poke
162121450,MonkeyVsRoblocks,Tanner
161743120,IMMIKEYDOOD,MIKEYDOOD
140258990,StarCode_RealKreek,KREEK
163718057,Terrisaurus,Terrisaurus
